{"fields":["ID","code","title","moduleID","type"],"records":[{"ID":"67381d7649be1","code":"ATA1","title":"Prepare a RFA for work on HV apparatus","moduleID":"02","type":"REQUEST FOR ACCESS (RFA)"},{"ID":"67381da32cf74","code":"ATA2","title":"Prepare a RFA for electrical testing on HV apparatus","moduleID":"02","type":"REQUEST FOR ACCESS (RFA)"},{"ID":"67381dbc9c141","code":"ATA3","title":"Prepare a PRI","moduleID":"02","type":"PREPARATION\/RESTORATION INSTRUCTION (PRI)"},{"ID":"67381dce5f20d","code":"ATA4","title":"Conduct steps of a HV PRI","moduleID":"02","type":"PREPARATION\/RESTORATION INSTRUCTION (PRI)"},{"ID":"67381e935f9e0","code":"ATA5","title":"Conduct steps of LV\/mechanical PRI","moduleID":"02","type":"PREPARATION\/RESTORATION INSTRUCTION (PRI)"},{"ID":"67381ecd53d2b","code":"ATA6","title":"Issue\/Cancel AA for work or test on HV apparatus","moduleID":"02","type":"ACCESS AUTHORITY (AA)-Issue"},{"ID":"67381edfe120f","code":"ATA7","title":"Issue\/Cancel AA for work or test on LV apparatus","moduleID":"02","type":"ACCESS AUTHORITY (AA)-Issue"},{"ID":"67381f04f2e51","code":"ATA10","title":"Receive\/Surrender AA for work on HV apparatus","moduleID":"03","type":"ACCESS AUTHORITY (AA)-Receive"},{"ID":"67381f49586c0","code":"ATA11","title":"Receive\/Surrender AA for electrical testing on HV apparatus","moduleID":"03","type":"ACCESS AUTHORITY (AA)-Receive"},{"ID":"67381f67ec5d5","code":"ATA12","title":"Receive AA for work or test on LV","moduleID":"03","type":"ACCESS AUTHORITY (AA)-Receive"},{"ID":"67381f92cebbb","code":"ATA15","title":"Sign on AA for work on HV apparatus","moduleID":"04","type":"ACCESS AUTHORITY (AA)-Sign On"},{"ID":"67381fa735706","code":"ATA16","title":"Sign on AA for electrical testing on HV apparatus","moduleID":"04","type":"ACCESS AUTHORITY (AA)-Sign On"},{"ID":"67381fe19b5ed","code":"ATA17","title":"Sign on AA for work or test on LV apparatus","moduleID":"04","type":"ACCESS AUTHORITY (AA)-Sign On"},{"ID":"6738203b0468c","code":"ATA20","title":"Personal entry to HV switchyards & buildings","moduleID":"08","type":"ACCESS TO HIGH VOLTAGE AREAS"},{"ID":"6738204e1505d","code":"ATA21","title":"Personal entry to HV cages","moduleID":"08","type":"ACCESS TO HIGH VOLTAGE AREAS"},{"ID":"6738207e5e320","code":"ATA22","title":"Conduct work or test under sundry apparatus ","moduleID":"05","type":"SPECIAL"},{"ID":"673821190031f","code":"ATA25","title":"Issue authority to work in vicinity of apparatus","moduleID":"07","type":"SPECIAL"},{"ID":"6738218880d75","code":"ATA26","title":"Receive AWV for excavation work in the vicinity of underground cables ","moduleID":"07","type":"SPECIAL"},{"ID":"673821af5fb58","code":"ATA27","title":"Work in the proximity of overhead power lines","moduleID":"07","type":"SPECIAL"},{"ID":"673836e411bb5","code":"LVTE","title":"Testing and Energising Low Voltage (LV) Services","moduleID":"10","type":"Specific Authorisations"},{"ID":"6738381372928","code":"LLVW-UG","title":"Live Low Voltage Worker Underground","moduleID":"11","type":"Specific Authorisations"},{"ID":"6738388a56dcb","code":"LLVW-OH","title":"Live Low Voltage Worker Overhead","moduleID":"11","type":"Specific Authorisations"},{"ID":"673839147b905","code":"ESIS","title":"Electricity Supply Industry Safety","moduleID":"09","type":"Specific Authorisations"},{"ID":"67383992b57c9","code":"PV101","title":"Photovoltaic Familiarisation","moduleID":"16","type":"Induction - Non Authorisation"},{"ID":"673cfb50a8f1c","code":"ASST","title":"Test Assessment","moduleID":"99","type":"FMSPECIAL"}]}