{"fields":["ID","moduleId","location","Title"],"records":[{"ID":"673964c82809d","moduleId":"01","location":"01","Title":"Intro to ATA"},{"ID":"673964eebe1dd","moduleId":"02","location":"02","Title":"RFA PRI and AA"},{"ID":"673964fcab4f1","moduleId":"03","location":"03","Title":"Receive AA"},{"ID":"6739650da0598","moduleId":"04","location":"04","Title":"Sign On to AA"},{"ID":"6739651a7d3e3","moduleId":"05","location":"05","Title":"Sundry Apparatus"},{"ID":"6739652bedfab","moduleId":"06","location":"06","Title":"Specified Work or Test"},{"ID":"67396546cdb79","moduleId":"07","location":"07","Title":"Authority to Work in the Vicinity"},{"ID":"6739655f7cc0e","moduleId":"08","location":"08","Title":"Entry into Switchyard"},{"ID":"6739656dd6c9f","moduleId":"09","location":"09","Title":"ESI Safety Bundle"},{"ID":"6739658397f38","moduleId":"10","location":"10","Title":"LV Test and Energise"},{"ID":"67396597cdf71","moduleId":"11","location":"11","Title":"Live LV - Refresher"},{"ID":"673965aeab49f","moduleId":"12","location":"12","Title":"HVO Basics - Initial"},{"ID":"673965d416c54","moduleId":"13","location":"13","Title":"HVO Overhead"},{"ID":"673965ea38744","moduleId":"14","location":"14","Title":"HVO Underground"},{"ID":"673965f7f1c8f","moduleId":"15","location":"15","Title":"HVO Substation"},{"ID":"6739660c9ddf4","moduleId":"16","location":"16","Title":"Photovoltaic Familiarisation"},{"ID":"673cfbdab0f1d","moduleId":"99","location":"99","Title":"Test Assessment"}]}